"uniqueSampleKey","uniquePatientKey","molecularProfileId","sampleId","patientId","entrezGeneId","gene","studyId","center","mutationStatus","validationStatus","tumorAltCount","tumorRefCount","startPosition","endPosition","referenceAllele","proteinChange","mutationType","ncbiBuild","variantType","chr","variantAllele","refseqMrnaId","proteinPosStart","proteinPosEnd"
"bnNjbGNfbXNrY2NfMjAxOHMxOm5zY2xjX21za2NjXzIwMTg","bnNjbGNfbXNrY2NfMjAxOHAxOm5zY2xjX21za2NjXzIwMTg","nsclc_mskcc_2018_mutations","nsclc_mskcc_2018s1","nsclc_mskcc_2018p1","1956","@{entrezGeneId=1956; hugoGeneSymbol=EGFR; type=protein-coding}","nsclc_mskcc_2018","MSKCC","NA","NA","49","320","55242468","55242482","ATTAAGAGAAGCAAC","L747_T751del","In_Frame_Del","GRCh37","DEL","7","-","NM_005228.3","746","751"
"bnNjbGNfbXNrY2NfMjAxOHMxOm5zY2xjX21za2NjXzIwMTg","bnNjbGNfbXNrY2NfMjAxOHAxOm5zY2xjX21za2NjXzIwMTg","nsclc_mskcc_2018_mutations","nsclc_mskcc_2018s1","nsclc_mskcc_2018p1","1956","@{entrezGeneId=1956; hugoGeneSymbol=EGFR; type=protein-coding}","nsclc_mskcc_2018","MSKCC","NA","NA","68","169","55249071","55249071","C","T790M","Missense_Mutation","GRCh37","SNP","7","T","NM_005228.3","790","790"
"bnNjbGNfbXNrY2NfMjAxOHMxOm5zY2xjX21za2NjXzIwMTg","bnNjbGNfbXNrY2NfMjAxOHAxOm5zY2xjX21za2NjXzIwMTg","nsclc_mskcc_2018_mutations","nsclc_mskcc_2018s1","nsclc_mskcc_2018p1","7157","@{entrezGeneId=7157; hugoGeneSymbol=TP53; type=protein-coding}","nsclc_mskcc_2018","MSKCC","NA","NA","161","224","7577111","7577111","G","A276D","Missense_Mutation","GRCh37","SNP","17","T","NM_001126112.2","276","276"
"bnNjbGNfbXNrY2NfMjAxOHMxMDpuc2NsY19tc2tjY18yMDE4","bnNjbGNfbXNrY2NfMjAxOHAxMDpuc2NsY19tc2tjY18yMDE4","nsclc_mskcc_2018_mutations","nsclc_mskcc_2018s10","nsclc_mskcc_2018p10","5290","@{entrezGeneId=5290; hugoGeneSymbol=PIK3CA; type=protein-coding}","nsclc_mskcc_2018","MSKCC","NA","NA","24","161","178916891","178916891","G","R93L","Missense_Mutation","GRCh37","SNP","3","T","NM_006218.2","93","93"
"bnNjbGNfbXNrY2NfMjAxOHMxMDpuc2NsY19tc2tjY18yMDE4","bnNjbGNfbXNrY2NfMjAxOHAxMDpuc2NsY19tc2tjY18yMDE4","nsclc_mskcc_2018_mutations","nsclc_mskcc_2018s10","nsclc_mskcc_2018p10","6098","@{entrezGeneId=6098; hugoGeneSymbol=ROS1; type=protein-coding}","nsclc_mskcc_2018","MSKCC","NA","NA","12","68","117650552","117650552","A","I1769T","Missense_Mutation","GRCh37","SNP","6","G","NM_002944.2","1769","1769"
"bnNjbGNfbXNrY2NfMjAxOHMxMDpuc2NsY19tc2tjY18yMDE4","bnNjbGNfbXNrY2NfMjAxOHAxMDpuc2NsY19tc2tjY18yMDE4","nsclc_mskcc_2018_mutations","nsclc_mskcc_2018s10","nsclc_mskcc_2018p10","7157","@{entrezGeneId=7157; hugoGeneSymbol=TP53; type=protein-coding}","nsclc_mskcc_2018","MSKCC","NA","NA","85","26","7578508","7578508","C","C141Y","Missense_Mutation","GRCh37","SNP","17","T","NM_001126112.2","141","141"
"bnNjbGNfbXNrY2NfMjAxOHMxMTpuc2NsY19tc2tjY18yMDE4","bnNjbGNfbXNrY2NfMjAxOHAxMTpuc2NsY19tc2tjY18yMDE4","nsclc_mskcc_2018_mutations","nsclc_mskcc_2018s11","nsclc_mskcc_2018p11","1956","@{entrezGeneId=1956; hugoGeneSymbol=EGFR; type=protein-coding}","nsclc_mskcc_2018","MSKCC","NA","NA","45","150","55242465","55242479","GGAATTAAGAGAAGC","E746_A750del","In_Frame_Del","GRCh37","DEL","7","-","NM_005228.3","745","750"
"bnNjbGNfbXNrY2NfMjAxOHMxMTpuc2NsY19tc2tjY18yMDE4","bnNjbGNfbXNrY2NfMjAxOHAxMTpuc2NsY19tc2tjY18yMDE4","nsclc_mskcc_2018_mutations","nsclc_mskcc_2018s11","nsclc_mskcc_2018p11","1956","@{entrezGeneId=1956; hugoGeneSymbol=EGFR; type=protein-coding}","nsclc_mskcc_2018","MSKCC","NA","NA","43","293","55249071","55249071","C","T790M","Missense_Mutation","GRCh37","SNP","7","T","NM_005228.3","790","790"
"bnNjbGNfbXNrY2NfMjAxOHMxMjpuc2NsY19tc2tjY18yMDE4","bnNjbGNfbXNrY2NfMjAxOHAxMjpuc2NsY19tc2tjY18yMDE4","nsclc_mskcc_2018_mutations","nsclc_mskcc_2018s12","nsclc_mskcc_2018p12","7157","@{entrezGeneId=7157; hugoGeneSymbol=TP53; type=protein-coding}","nsclc_mskcc_2018","MSKCC","NA","NA","43","183","7577518","7577518","T","I255F","Missense_Mutation","GRCh37","SNP","17","A","NM_001126112.2","255","255"
"bnNjbGNfbXNrY2NfMjAxOHMxNTpuc2NsY19tc2tjY18yMDE4","bnNjbGNfbXNrY2NfMjAxOHAxNTpuc2NsY19tc2tjY18yMDE4","nsclc_mskcc_2018_mutations","nsclc_mskcc_2018s15","nsclc_mskcc_2018p15","3845","@{entrezGeneId=3845; hugoGeneSymbol=KRAS; type=protein-coding}","nsclc_mskcc_2018","MSKCC","NA","NA","83","154","25398285","25398285","C","G12C","Missense_Mutation","GRCh37","SNP","12","A","NM_033360.2","12","12"
"bnNjbGNfbXNrY2NfMjAxOHMxNTpuc2NsY19tc2tjY18yMDE4","bnNjbGNfbXNrY2NfMjAxOHAxNTpuc2NsY19tc2tjY18yMDE4","nsclc_mskcc_2018_mutations","nsclc_mskcc_2018s15","nsclc_mskcc_2018p15","6794","@{entrezGeneId=6794; hugoGeneSymbol=STK11; type=protein-coding}","nsclc_mskcc_2018","MSKCC","NA","NA","23","36","1220703","1220703","G","A241P","Missense_Mutation","GRCh37","SNP","19","C","NM_000455.4","241","241"
"bnNjbGNfbXNrY2NfMjAxOHMxNjpuc2NsY19tc2tjY18yMDE4","bnNjbGNfbXNrY2NfMjAxOHAxNjpuc2NsY19tc2tjY18yMDE4","nsclc_mskcc_2018_mutations","nsclc_mskcc_2018s16","nsclc_mskcc_2018p16","3845","@{entrezGeneId=3845; hugoGeneSymbol=KRAS; type=protein-coding}","nsclc_mskcc_2018","MSKCC","NA","NA","27","133","25398284","25398284","C","G12A","Missense_Mutation","GRCh37","SNP","12","G","NM_033360.2","12","12"
"bnNjbGNfbXNrY2NfMjAxOHMxNzpuc2NsY19tc2tjY18yMDE4","bnNjbGNfbXNrY2NfMjAxOHAxNzpuc2NsY19tc2tjY18yMDE4","nsclc_mskcc_2018_mutations","nsclc_mskcc_2018s17","nsclc_mskcc_2018p17","3845","@{entrezGeneId=3845; hugoGeneSymbol=KRAS; type=protein-coding}","nsclc_mskcc_2018","MSKCC","NA","NA","11","165","25380275","25380275","T","Q61H","Missense_Mutation","GRCh37","SNP","12","G","NM_033360.2","61","61"
"bnNjbGNfbXNrY2NfMjAxOHMxODpuc2NsY19tc2tjY18yMDE4","bnNjbGNfbXNrY2NfMjAxOHAxODpuc2NsY19tc2tjY18yMDE4","nsclc_mskcc_2018_mutations","nsclc_mskcc_2018s18","nsclc_mskcc_2018p18","3845","@{entrezGeneId=3845; hugoGeneSymbol=KRAS; type=protein-coding}","nsclc_mskcc_2018","MSKCC","NA","NA","30","220","25398284","25398284","C","G12V","Missense_Mutation","GRCh37","SNP","12","A","NM_033360.2","12","12"
"bnNjbGNfbXNrY2NfMjAxOHMxODpuc2NsY19tc2tjY18yMDE4","bnNjbGNfbXNrY2NfMjAxOHAxODpuc2NsY19tc2tjY18yMDE4","nsclc_mskcc_2018_mutations","nsclc_mskcc_2018s18","nsclc_mskcc_2018p18","7157","@{entrezGeneId=7157; hugoGeneSymbol=TP53; type=protein-coding}","nsclc_mskcc_2018","MSKCC","NA","NA","16","149","7578534","7578534","C","K132N","Missense_Mutation","GRCh37","SNP","17","G","NM_001126112.2","132","132"
"bnNjbGNfbXNrY2NfMjAxOHMxOTpuc2NsY19tc2tjY18yMDE4","bnNjbGNfbXNrY2NfMjAxOHAxOTpuc2NsY19tc2tjY18yMDE4","nsclc_mskcc_2018_mutations","nsclc_mskcc_2018s19","nsclc_mskcc_2018p19","5290","@{entrezGeneId=5290; hugoGeneSymbol=PIK3CA; type=protein-coding}","nsclc_mskcc_2018","MSKCC","NA","NA","68","90","178917516","178917516","G","V131F","Missense_Mutation","GRCh37","SNP","3","T","NM_006218.2","131","131"
"bnNjbGNfbXNrY2NfMjAxOHMxOTpuc2NsY19tc2tjY18yMDE4","bnNjbGNfbXNrY2NfMjAxOHAxOTpuc2NsY19tc2tjY18yMDE4","nsclc_mskcc_2018_mutations","nsclc_mskcc_2018s19","nsclc_mskcc_2018p19","7157","@{entrezGeneId=7157; hugoGeneSymbol=TP53; type=protein-coding}","nsclc_mskcc_2018","MSKCC","NA","NA","78","246","7577114","7577114","C","C275Y","Missense_Mutation","GRCh37","SNP","17","T","NM_001126112.2","275","275"
"bnNjbGNfbXNrY2NfMjAxOHMxOTpuc2NsY19tc2tjY18yMDE4","bnNjbGNfbXNrY2NfMjAxOHAxOTpuc2NsY19tc2tjY18yMDE4","nsclc_mskcc_2018_mutations","nsclc_mskcc_2018s19","nsclc_mskcc_2018p19","7157","@{entrezGeneId=7157; hugoGeneSymbol=TP53; type=protein-coding}","nsclc_mskcc_2018","MSKCC","NA","NA","21","133","7576853","7576853","C","Q331H","Missense_Mutation","GRCh37","SNP","17","G","NM_001126112.2","331","331"
"bnNjbGNfbXNrY2NfMjAxOHMyOm5zY2xjX21za2NjXzIwMTg","bnNjbGNfbXNrY2NfMjAxOHAyOm5zY2xjX21za2NjXzIwMTg","nsclc_mskcc_2018_mutations","nsclc_mskcc_2018s2","nsclc_mskcc_2018p2","6098","@{entrezGeneId=6098; hugoGeneSymbol=ROS1; type=protein-coding}","nsclc_mskcc_2018","MSKCC","NA","NA","8","42","117686237","117686237","C","R1035Q","Missense_Mutation","GRCh37","SNP","6","T","NM_002944.2","1035","1035"
"bnNjbGNfbXNrY2NfMjAxOHMyOm5zY2xjX21za2NjXzIwMTg","bnNjbGNfbXNrY2NfMjAxOHAyOm5zY2xjX21za2NjXzIwMTg","nsclc_mskcc_2018_mutations","nsclc_mskcc_2018s2","nsclc_mskcc_2018p2","7157","@{entrezGeneId=7157; hugoGeneSymbol=TP53; type=protein-coding}","nsclc_mskcc_2018","MSKCC","NA","NA","22","33","7579358","7579358","C","R110P","Missense_Mutation","GRCh37","SNP","17","G","NM_001126112.2","110","110"
"bnNjbGNfbXNrY2NfMjAxOHMyMDpuc2NsY19tc2tjY18yMDE4","bnNjbGNfbXNrY2NfMjAxOHAyMDpuc2NsY19tc2tjY18yMDE4","nsclc_mskcc_2018_mutations","nsclc_mskcc_2018s20","nsclc_mskcc_2018p20","238","@{entrezGeneId=238; hugoGeneSymbol=ALK; type=protein-coding}","nsclc_mskcc_2018","MSKCC","NA","NA","48","141","30143267","30143267","C","A87S","Missense_Mutation","GRCh37","SNP","2","A","NM_004304.4","87","87"
"bnNjbGNfbXNrY2NfMjAxOHMyMDpuc2NsY19tc2tjY18yMDE4","bnNjbGNfbXNrY2NfMjAxOHAyMDpuc2NsY19tc2tjY18yMDE4","nsclc_mskcc_2018_mutations","nsclc_mskcc_2018s20","nsclc_mskcc_2018p20","3845","@{entrezGeneId=3845; hugoGeneSymbol=KRAS; type=protein-coding}","nsclc_mskcc_2018","MSKCC","NA","NA","336","50","25398285","25398285","C","G12C","Missense_Mutation","GRCh37","SNP","12","A","NM_033360.2","12","12"
"bnNjbGNfbXNrY2NfMjAxOHMyMDpuc2NsY19tc2tjY18yMDE4","bnNjbGNfbXNrY2NfMjAxOHAyMDpuc2NsY19tc2tjY18yMDE4","nsclc_mskcc_2018_mutations","nsclc_mskcc_2018s20","nsclc_mskcc_2018p20","6098","@{entrezGeneId=6098; hugoGeneSymbol=ROS1; type=protein-coding}","nsclc_mskcc_2018","MSKCC","NA","NA","21","55","117724411","117724411","C","K156Nfs*44","Frame_Shift_Del","GRCh37","DEL","6","-","NM_002944.2","156","156"
"bnNjbGNfbXNrY2NfMjAxOHMyMDpuc2NsY19tc2tjY18yMDE4","bnNjbGNfbXNrY2NfMjAxOHAyMDpuc2NsY19tc2tjY18yMDE4","nsclc_mskcc_2018_mutations","nsclc_mskcc_2018s20","nsclc_mskcc_2018p20","6794","@{entrezGeneId=6794; hugoGeneSymbol=STK11; type=protein-coding}","nsclc_mskcc_2018","MSKCC","NA","NA","42","12","1220500","1220500","C","E199Rfs*88","Frame_Shift_Del","GRCh37","DEL","19","-","NM_000455.4","198","199"
"bnNjbGNfbXNrY2NfMjAxOHMyMDpuc2NsY19tc2tjY18yMDE4","bnNjbGNfbXNrY2NfMjAxOHAyMDpuc2NsY19tc2tjY18yMDE4","nsclc_mskcc_2018_mutations","nsclc_mskcc_2018s20","nsclc_mskcc_2018p20","7157","@{entrezGeneId=7157; hugoGeneSymbol=TP53; type=protein-coding}","nsclc_mskcc_2018","MSKCC","NA","NA","157","45","7577538","7577538","C","R248Q","Missense_Mutation","GRCh37","SNP","17","T","NM_001126112.2","248","248"
"bnNjbGNfbXNrY2NfMjAxOHMyMTpuc2NsY19tc2tjY18yMDE4","bnNjbGNfbXNrY2NfMjAxOHAyMTpuc2NsY19tc2tjY18yMDE4","nsclc_mskcc_2018_mutations","nsclc_mskcc_2018s21","nsclc_mskcc_2018p21","2064","@{entrezGeneId=2064; hugoGeneSymbol=ERBB2; type=protein-coding}","nsclc_mskcc_2018","MSKCC","NA","NA","9","87","37880252","37880252","G","E766Q","Missense_Mutation","GRCh37","SNP","17","C","NA","766","766"
"bnNjbGNfbXNrY2NfMjAxOHMyMTpuc2NsY19tc2tjY18yMDE4","bnNjbGNfbXNrY2NfMjAxOHAyMTpuc2NsY19tc2tjY18yMDE4","nsclc_mskcc_2018_mutations","nsclc_mskcc_2018s21","nsclc_mskcc_2018p21","3845","@{entrezGeneId=3845; hugoGeneSymbol=KRAS; type=protein-coding}","nsclc_mskcc_2018","MSKCC","NA","NA","132","396","25398285","25398285","C","G12C","Missense_Mutation","GRCh37","SNP","12","A","NM_033360.2","12","12"
"bnNjbGNfbXNrY2NfMjAxOHMyMTpuc2NsY19tc2tjY18yMDE4","bnNjbGNfbXNrY2NfMjAxOHAyMTpuc2NsY19tc2tjY18yMDE4","nsclc_mskcc_2018_mutations","nsclc_mskcc_2018s21","nsclc_mskcc_2018p21","7157","@{entrezGeneId=7157; hugoGeneSymbol=TP53; type=protein-coding}","nsclc_mskcc_2018","MSKCC","NA","NA","31","250","7576855","7576855","G","Q331*","Nonsense_Mutation","GRCh37","SNP","17","A","NM_001126112.2","331","331"
"bnNjbGNfbXNrY2NfMjAxOHMyMjpuc2NsY19tc2tjY18yMDE4","bnNjbGNfbXNrY2NfMjAxOHAyMjpuc2NsY19tc2tjY18yMDE4","nsclc_mskcc_2018_mutations","nsclc_mskcc_2018s22","nsclc_mskcc_2018p22","6794","@{entrezGeneId=6794; hugoGeneSymbol=STK11; type=protein-coding}","nsclc_mskcc_2018","MSKCC","NA","NA","8","41","1207162","1207162","A","K84*","Nonsense_Mutation","GRCh37","SNP","19","T","NM_000455.4","84","84"
"bnNjbGNfbXNrY2NfMjAxOHMyMjpuc2NsY19tc2tjY18yMDE4","bnNjbGNfbXNrY2NfMjAxOHAyMjpuc2NsY19tc2tjY18yMDE4","nsclc_mskcc_2018_mutations","nsclc_mskcc_2018s22","nsclc_mskcc_2018p22","9817","@{entrezGeneId=9817; hugoGeneSymbol=KEAP1; type=protein-coding}","nsclc_mskcc_2018","MSKCC","NA","NA","6","18","10602899","10602899","G","Q227*","Nonsense_Mutation","GRCh37","SNP","19","A","NM_203500.1","227","227"
"bnNjbGNfbXNrY2NfMjAxOHMyMzpuc2NsY19tc2tjY18yMDE4","bnNjbGNfbXNrY2NfMjAxOHAyMzpuc2NsY19tc2tjY18yMDE4","nsclc_mskcc_2018_mutations","nsclc_mskcc_2018s23","nsclc_mskcc_2018p23","3845","@{entrezGeneId=3845; hugoGeneSymbol=KRAS; type=protein-coding}","nsclc_mskcc_2018","MSKCC","NA","NA","21","138","25398285","25398285","C","G12C","Missense_Mutation","GRCh37","SNP","12","A","NM_033360.2","12","12"
"bnNjbGNfbXNrY2NfMjAxOHMyNDpuc2NsY19tc2tjY18yMDE4","bnNjbGNfbXNrY2NfMjAxOHAyNDpuc2NsY19tc2tjY18yMDE4","nsclc_mskcc_2018_mutations","nsclc_mskcc_2018s24","nsclc_mskcc_2018p24","3845","@{entrezGeneId=3845; hugoGeneSymbol=KRAS; type=protein-coding}","nsclc_mskcc_2018","MSKCC","NA","NA","40","177","25380275","25380275","T","Q61H","Missense_Mutation","GRCh37","SNP","12","G","NM_033360.2","61","61"
"bnNjbGNfbXNrY2NfMjAxOHMyNTpuc2NsY19tc2tjY18yMDE4","bnNjbGNfbXNrY2NfMjAxOHAyNTpuc2NsY19tc2tjY18yMDE4","nsclc_mskcc_2018_mutations","nsclc_mskcc_2018s25","nsclc_mskcc_2018p25","7157","@{entrezGeneId=7157; hugoGeneSymbol=TP53; type=protein-coding}","nsclc_mskcc_2018","MSKCC","NA","NA","5","73","7577535","7577535","C","R249M","Missense_Mutation","GRCh37","SNP","17","A","NM_001126112.2","249","249"
"bnNjbGNfbXNrY2NfMjAxOHMyNjpuc2NsY19tc2tjY18yMDE4","bnNjbGNfbXNrY2NfMjAxOHAyNjpuc2NsY19tc2tjY18yMDE4","nsclc_mskcc_2018_mutations","nsclc_mskcc_2018s26","nsclc_mskcc_2018p26","3845","@{entrezGeneId=3845; hugoGeneSymbol=KRAS; type=protein-coding}","nsclc_mskcc_2018","MSKCC","NA","NA","68","109","25398285","25398285","C","G12C","Missense_Mutation","GRCh37","SNP","12","A","NM_033360.2","12","12"
"bnNjbGNfbXNrY2NfMjAxOHMyNjpuc2NsY19tc2tjY18yMDE4","bnNjbGNfbXNrY2NfMjAxOHAyNjpuc2NsY19tc2tjY18yMDE4","nsclc_mskcc_2018_mutations","nsclc_mskcc_2018s26","nsclc_mskcc_2018p26","7157","@{entrezGeneId=7157; hugoGeneSymbol=TP53; type=protein-coding}","nsclc_mskcc_2018","MSKCC","NA","NA","68","162","7577541","7577541","T","N247I","Missense_Mutation","GRCh37","SNP","17","A","NM_001126112.2","247","247"
"bnNjbGNfbXNrY2NfMjAxOHMyODpuc2NsY19tc2tjY18yMDE4","bnNjbGNfbXNrY2NfMjAxOHAyODpuc2NsY19tc2tjY18yMDE4","nsclc_mskcc_2018_mutations","nsclc_mskcc_2018s28","nsclc_mskcc_2018p28","3845","@{entrezGeneId=3845; hugoGeneSymbol=KRAS; type=protein-coding}","nsclc_mskcc_2018","MSKCC","NA","NA","40","230","25398285","25398285","C","G12C","Missense_Mutation","GRCh37","SNP","12","A","NM_033360.2","12","12"
"bnNjbGNfbXNrY2NfMjAxOHMyOTpuc2NsY19tc2tjY18yMDE4","bnNjbGNfbXNrY2NfMjAxOHAyOTpuc2NsY19tc2tjY18yMDE4","nsclc_mskcc_2018_mutations","nsclc_mskcc_2018s29","nsclc_mskcc_2018p29","7157","@{entrezGeneId=7157; hugoGeneSymbol=TP53; type=protein-coding}","nsclc_mskcc_2018","MSKCC","NA","NA","18","245","7578407","7578414","GCCTCACA","V173Lfs*5","Frame_Shift_Del","GRCh37","DEL","17","-","NM_001126112.2","172","173"
"bnNjbGNfbXNrY2NfMjAxOHMzMDpuc2NsY19tc2tjY18yMDE4","bnNjbGNfbXNrY2NfMjAxOHAzMDpuc2NsY19tc2tjY18yMDE4","nsclc_mskcc_2018_mutations","nsclc_mskcc_2018s30","nsclc_mskcc_2018p30","7157","@{entrezGeneId=7157; hugoGeneSymbol=TP53; type=protein-coding}","nsclc_mskcc_2018","MSKCC","NA","NA","79","144","7577556","7577556","C","C242S","Missense_Mutation","GRCh37","SNP","17","G","NM_001126112.2","242","242"
"bnNjbGNfbXNrY2NfMjAxOHMzMTpuc2NsY19tc2tjY18yMDE4","bnNjbGNfbXNrY2NfMjAxOHAzMTpuc2NsY19tc2tjY18yMDE4","nsclc_mskcc_2018_mutations","nsclc_mskcc_2018s31","nsclc_mskcc_2018p31","3845","@{entrezGeneId=3845; hugoGeneSymbol=KRAS; type=protein-coding}","nsclc_mskcc_2018","MSKCC","NA","NA","53","124","25398284","25398284","C","G12V","Missense_Mutation","GRCh37","SNP","12","A","NM_033360.2","12","12"
"bnNjbGNfbXNrY2NfMjAxOHMzMTpuc2NsY19tc2tjY18yMDE4","bnNjbGNfbXNrY2NfMjAxOHAzMTpuc2NsY19tc2tjY18yMDE4","nsclc_mskcc_2018_mutations","nsclc_mskcc_2018s31","nsclc_mskcc_2018p31","7157","@{entrezGeneId=7157; hugoGeneSymbol=TP53; type=protein-coding}","nsclc_mskcc_2018","MSKCC","NA","NA","23","83","7577538","7577538","C","R248Q","Missense_Mutation","GRCh37","SNP","17","T","NM_001126112.2","248","248"
"bnNjbGNfbXNrY2NfMjAxOHMzMjpuc2NsY19tc2tjY18yMDE4","bnNjbGNfbXNrY2NfMjAxOHAzMjpuc2NsY19tc2tjY18yMDE4","nsclc_mskcc_2018_mutations","nsclc_mskcc_2018s32","nsclc_mskcc_2018p32","3845","@{entrezGeneId=3845; hugoGeneSymbol=KRAS; type=protein-coding}","nsclc_mskcc_2018","MSKCC","NA","NA","15","57","25398282","25398282","C","G13R","Missense_Mutation","GRCh37","SNP","12","G","NM_033360.2","13","13"
"bnNjbGNfbXNrY2NfMjAxOHMzMjpuc2NsY19tc2tjY18yMDE4","bnNjbGNfbXNrY2NfMjAxOHAzMjpuc2NsY19tc2tjY18yMDE4","nsclc_mskcc_2018_mutations","nsclc_mskcc_2018s32","nsclc_mskcc_2018p32","6794","@{entrezGeneId=6794; hugoGeneSymbol=STK11; type=protein-coding}","nsclc_mskcc_2018","MSKCC","NA","NA","10","74","1221947","1221947","G","X288_splice","Splice_Site","GRCh37","SNP","19","A","NM_000455.4","288","288"
"bnNjbGNfbXNrY2NfMjAxOHMzMjpuc2NsY19tc2tjY18yMDE4","bnNjbGNfbXNrY2NfMjAxOHAzMjpuc2NsY19tc2tjY18yMDE4","nsclc_mskcc_2018_mutations","nsclc_mskcc_2018s32","nsclc_mskcc_2018p32","7157","@{entrezGeneId=7157; hugoGeneSymbol=TP53; type=protein-coding}","nsclc_mskcc_2018","MSKCC","NA","NA","31","60","7577121","7577121","G","R273G","Missense_Mutation","GRCh37","SNP","17","C","NM_001126112.2","273","273"
"bnNjbGNfbXNrY2NfMjAxOHMzMjpuc2NsY19tc2tjY18yMDE4","bnNjbGNfbXNrY2NfMjAxOHAzMjpuc2NsY19tc2tjY18yMDE4","nsclc_mskcc_2018_mutations","nsclc_mskcc_2018s32","nsclc_mskcc_2018p32","9817","@{entrezGeneId=9817; hugoGeneSymbol=KEAP1; type=protein-coding}","nsclc_mskcc_2018","MSKCC","NA","NA","16","65","10610154","10610154","C","G186C","Missense_Mutation","GRCh37","SNP","19","A","NM_203500.1","186","186"
"bnNjbGNfbXNrY2NfMjAxOHMzMzpuc2NsY19tc2tjY18yMDE4","bnNjbGNfbXNrY2NfMjAxOHAzMzpuc2NsY19tc2tjY18yMDE4","nsclc_mskcc_2018_mutations","nsclc_mskcc_2018s33","nsclc_mskcc_2018p33","7157","@{entrezGeneId=7157; hugoGeneSymbol=TP53; type=protein-coding}","nsclc_mskcc_2018","MSKCC","NA","NA","58","218","7577548","7577548","C","G245S","Missense_Mutation","GRCh37","SNP","17","T","NM_001126112.2","245","245"
"bnNjbGNfbXNrY2NfMjAxOHMzNTpuc2NsY19tc2tjY18yMDE4","bnNjbGNfbXNrY2NfMjAxOHAzNTpuc2NsY19tc2tjY18yMDE4","nsclc_mskcc_2018_mutations","nsclc_mskcc_2018s35","nsclc_mskcc_2018p35","7157","@{entrezGeneId=7157; hugoGeneSymbol=TP53; type=protein-coding}","nsclc_mskcc_2018","MSKCC","NA","NA","22","98","7577538","7577538","C","R248Q","Missense_Mutation","GRCh37","SNP","17","T","NM_001126112.2","248","248"
"bnNjbGNfbXNrY2NfMjAxOHMzNjpuc2NsY19tc2tjY18yMDE4","bnNjbGNfbXNrY2NfMjAxOHAzNjpuc2NsY19tc2tjY18yMDE4","nsclc_mskcc_2018_mutations","nsclc_mskcc_2018s36","nsclc_mskcc_2018p36","6794","@{entrezGeneId=6794; hugoGeneSymbol=STK11; type=protein-coding}","nsclc_mskcc_2018","MSKCC","NA","NA","9","112","1219321","1219321","A","X125_splice","Splice_Site","GRCh37","SNP","19","T","NM_000455.4","125","125"
"bnNjbGNfbXNrY2NfMjAxOHMzNzpuc2NsY19tc2tjY18yMDE4","bnNjbGNfbXNrY2NfMjAxOHAzNzpuc2NsY19tc2tjY18yMDE4","nsclc_mskcc_2018_mutations","nsclc_mskcc_2018s37","nsclc_mskcc_2018p37","3845","@{entrezGeneId=3845; hugoGeneSymbol=KRAS; type=protein-coding}","nsclc_mskcc_2018","MSKCC","NA","NA","19","90","25398284","25398284","C","G12V","Missense_Mutation","GRCh37","SNP","12","A","NM_033360.2","12","12"
"bnNjbGNfbXNrY2NfMjAxOHMzNzpuc2NsY19tc2tjY18yMDE4","bnNjbGNfbXNrY2NfMjAxOHAzNzpuc2NsY19tc2tjY18yMDE4","nsclc_mskcc_2018_mutations","nsclc_mskcc_2018s37","nsclc_mskcc_2018p37","7157","@{entrezGeneId=7157; hugoGeneSymbol=TP53; type=protein-coding}","nsclc_mskcc_2018","MSKCC","NA","NA","21","221","7578469","7578469","C","G154V","Missense_Mutation","GRCh37","SNP","17","A","NM_001126112.2","154","154"
"bnNjbGNfbXNrY2NfMjAxOHMzODpuc2NsY19tc2tjY18yMDE4","bnNjbGNfbXNrY2NfMjAxOHAzODpuc2NsY19tc2tjY18yMDE4","nsclc_mskcc_2018_mutations","nsclc_mskcc_2018s38","nsclc_mskcc_2018p38","4233","@{entrezGeneId=4233; hugoGeneSymbol=MET; type=protein-coding}","nsclc_mskcc_2018","MSKCC","NA","NA","39","67","116412044","116412045","-","X1010_splice","Splice_Site","GRCh37","INS","7","A","NM_000245.2","1010","1010"
"bnNjbGNfbXNrY2NfMjAxOHM0Om5zY2xjX21za2NjXzIwMTg","bnNjbGNfbXNrY2NfMjAxOHA0Om5zY2xjX21za2NjXzIwMTg","nsclc_mskcc_2018_mutations","nsclc_mskcc_2018s4","nsclc_mskcc_2018p4","6098","@{entrezGeneId=6098; hugoGeneSymbol=ROS1; type=protein-coding}","nsclc_mskcc_2018","MSKCC","NA","NA","10","87","117639364","117639364","C","A1998T","Missense_Mutation","GRCh37","SNP","6","T","NM_002944.2","1998","1998"
"bnNjbGNfbXNrY2NfMjAxOHM0Om5zY2xjX21za2NjXzIwMTg","bnNjbGNfbXNrY2NfMjAxOHA0Om5zY2xjX21za2NjXzIwMTg","nsclc_mskcc_2018_mutations","nsclc_mskcc_2018s4","nsclc_mskcc_2018p4","7157","@{entrezGeneId=7157; hugoGeneSymbol=TP53; type=protein-coding}","nsclc_mskcc_2018","MSKCC","NA","NA","5","30","7577153","7577153","C","G262V","Missense_Mutation","GRCh37","SNP","17","A","NM_001126112.2","262","262"
"bnNjbGNfbXNrY2NfMjAxOHM0MDpuc2NsY19tc2tjY18yMDE4","bnNjbGNfbXNrY2NfMjAxOHA0MDpuc2NsY19tc2tjY18yMDE4","nsclc_mskcc_2018_mutations","nsclc_mskcc_2018s40","nsclc_mskcc_2018p40","3845","@{entrezGeneId=3845; hugoGeneSymbol=KRAS; type=protein-coding}","nsclc_mskcc_2018","MSKCC","NA","NA","91","128","25398285","25398285","C","G12C","Missense_Mutation","GRCh37","SNP","12","A","NM_033360.2","12","12"
"bnNjbGNfbXNrY2NfMjAxOHM0MDpuc2NsY19tc2tjY18yMDE4","bnNjbGNfbXNrY2NfMjAxOHA0MDpuc2NsY19tc2tjY18yMDE4","nsclc_mskcc_2018_mutations","nsclc_mskcc_2018s40","nsclc_mskcc_2018p40","3845","@{entrezGeneId=3845; hugoGeneSymbol=KRAS; type=protein-coding}","nsclc_mskcc_2018","MSKCC","NA","NA","93","128","25398284","25398284","C","G12V","Missense_Mutation","GRCh37","SNP","12","A","NM_033360.2","12","12"
"bnNjbGNfbXNrY2NfMjAxOHM0MTpuc2NsY19tc2tjY18yMDE4","bnNjbGNfbXNrY2NfMjAxOHA0MTpuc2NsY19tc2tjY18yMDE4","nsclc_mskcc_2018_mutations","nsclc_mskcc_2018s41","nsclc_mskcc_2018p41","7157","@{entrezGeneId=7157; hugoGeneSymbol=TP53; type=protein-coding}","nsclc_mskcc_2018","MSKCC","NA","NA","91","31","7577534","7577534","C","R249S","Missense_Mutation","GRCh37","SNP","17","A","NM_001126112.2","249","249"
"bnNjbGNfbXNrY2NfMjAxOHM0MTpuc2NsY19tc2tjY18yMDE4","bnNjbGNfbXNrY2NfMjAxOHA0MTpuc2NsY19tc2tjY18yMDE4","nsclc_mskcc_2018_mutations","nsclc_mskcc_2018s41","nsclc_mskcc_2018p41","9817","@{entrezGeneId=9817; hugoGeneSymbol=KEAP1; type=protein-coding}","nsclc_mskcc_2018","MSKCC","NA","NA","58","18","10602584","10602584","C","G332S","Missense_Mutation","GRCh37","SNP","19","T","NM_203500.1","332","332"
"bnNjbGNfbXNrY2NfMjAxOHM0Mjpuc2NsY19tc2tjY18yMDE4","bnNjbGNfbXNrY2NfMjAxOHA0Mjpuc2NsY19tc2tjY18yMDE4","nsclc_mskcc_2018_mutations","nsclc_mskcc_2018s42","nsclc_mskcc_2018p42","3845","@{entrezGeneId=3845; hugoGeneSymbol=KRAS; type=protein-coding}","nsclc_mskcc_2018","MSKCC","NA","NA","24","317","25398285","25398285","C","G12C","Missense_Mutation","GRCh37","SNP","12","A","NM_033360.2","12","12"
"bnNjbGNfbXNrY2NfMjAxOHM0Mzpuc2NsY19tc2tjY18yMDE4","bnNjbGNfbXNrY2NfMjAxOHA0Mzpuc2NsY19tc2tjY18yMDE4","nsclc_mskcc_2018_mutations","nsclc_mskcc_2018s43","nsclc_mskcc_2018p43","3845","@{entrezGeneId=3845; hugoGeneSymbol=KRAS; type=protein-coding}","nsclc_mskcc_2018","MSKCC","NA","NA","9","41","25398281","25398281","C","G13D","Missense_Mutation","GRCh37","SNP","12","T","NM_033360.2","13","13"
"bnNjbGNfbXNrY2NfMjAxOHM0Mzpuc2NsY19tc2tjY18yMDE4","bnNjbGNfbXNrY2NfMjAxOHA0Mzpuc2NsY19tc2tjY18yMDE4","nsclc_mskcc_2018_mutations","nsclc_mskcc_2018s43","nsclc_mskcc_2018p43","5290","@{entrezGeneId=5290; hugoGeneSymbol=PIK3CA; type=protein-coding}","nsclc_mskcc_2018","MSKCC","NA","NA","12","142","178922322","178922322","G","G364A","Missense_Mutation","GRCh37","SNP","3","C","NM_006218.2","364","364"
"bnNjbGNfbXNrY2NfMjAxOHM0NDpuc2NsY19tc2tjY18yMDE4","bnNjbGNfbXNrY2NfMjAxOHA0NDpuc2NsY19tc2tjY18yMDE4","nsclc_mskcc_2018_mutations","nsclc_mskcc_2018s44","nsclc_mskcc_2018p44","1956","@{entrezGeneId=1956; hugoGeneSymbol=EGFR; type=protein-coding}","nsclc_mskcc_2018","MSKCC","NA","NA","1393","489","55242465","55242479","GGAATTAAGAGAAGC","E746_A750del","In_Frame_Del","GRCh37","DEL","7","-","NM_005228.3","745","750"
"bnNjbGNfbXNrY2NfMjAxOHM0NDpuc2NsY19tc2tjY18yMDE4","bnNjbGNfbXNrY2NfMjAxOHA0NDpuc2NsY19tc2tjY18yMDE4","nsclc_mskcc_2018_mutations","nsclc_mskcc_2018s44","nsclc_mskcc_2018p44","7157","@{entrezGeneId=7157; hugoGeneSymbol=TP53; type=protein-coding}","nsclc_mskcc_2018","MSKCC","NA","NA","170","454","7577123","7577123","A","V272G","Missense_Mutation","GRCh37","SNP","17","C","NM_001126112.2","272","272"
"bnNjbGNfbXNrY2NfMjAxOHM0NTpuc2NsY19tc2tjY18yMDE4","bnNjbGNfbXNrY2NfMjAxOHA0NTpuc2NsY19tc2tjY18yMDE4","nsclc_mskcc_2018_mutations","nsclc_mskcc_2018s45","nsclc_mskcc_2018p45","7157","@{entrezGeneId=7157; hugoGeneSymbol=TP53; type=protein-coding}","nsclc_mskcc_2018","MSKCC","NA","NA","98","173","7578437","7578437","G","Q165*","Nonsense_Mutation","GRCh37","SNP","17","A","NM_001126112.2","165","165"
"bnNjbGNfbXNrY2NfMjAxOHM0Njpuc2NsY19tc2tjY18yMDE4","bnNjbGNfbXNrY2NfMjAxOHA0Njpuc2NsY19tc2tjY18yMDE4","nsclc_mskcc_2018_mutations","nsclc_mskcc_2018s46","nsclc_mskcc_2018p46","5290","@{entrezGeneId=5290; hugoGeneSymbol=PIK3CA; type=protein-coding}","nsclc_mskcc_2018","MSKCC","NA","NA","42","109","178936091","178936091","G","E545K","Missense_Mutation","GRCh37","SNP","3","A","NM_006218.2","545","545"
"bnNjbGNfbXNrY2NfMjAxOHM0Njpuc2NsY19tc2tjY18yMDE4","bnNjbGNfbXNrY2NfMjAxOHA0Njpuc2NsY19tc2tjY18yMDE4","nsclc_mskcc_2018_mutations","nsclc_mskcc_2018s46","nsclc_mskcc_2018p46","6098","@{entrezGeneId=6098; hugoGeneSymbol=ROS1; type=protein-coding}","nsclc_mskcc_2018","MSKCC","NA","NA","12","145","117662709","117662709","C","G1586*","Nonsense_Mutation","GRCh37","SNP","6","A","NM_002944.2","1586","1586"
"bnNjbGNfbXNrY2NfMjAxOHM0Njpuc2NsY19tc2tjY18yMDE4","bnNjbGNfbXNrY2NfMjAxOHA0Njpuc2NsY19tc2tjY18yMDE4","nsclc_mskcc_2018_mutations","nsclc_mskcc_2018s46","nsclc_mskcc_2018p46","7157","@{entrezGeneId=7157; hugoGeneSymbol=TP53; type=protein-coding}","nsclc_mskcc_2018","MSKCC","NA","NA","29","302","7577539","7577539","G","R248W","Missense_Mutation","GRCh37","SNP","17","A","NM_001126112.2","248","248"
"bnNjbGNfbXNrY2NfMjAxOHM0Njpuc2NsY19tc2tjY18yMDE4","bnNjbGNfbXNrY2NfMjAxOHA0Njpuc2NsY19tc2tjY18yMDE4","nsclc_mskcc_2018_mutations","nsclc_mskcc_2018s46","nsclc_mskcc_2018p46","7157","@{entrezGeneId=7157; hugoGeneSymbol=TP53; type=protein-coding}","nsclc_mskcc_2018","MSKCC","NA","NA","70","290","7579494","7579494","T","R65*","Nonsense_Mutation","GRCh37","SNP","17","A","NM_001126112.2","65","65"
"bnNjbGNfbXNrY2NfMjAxOHM0Nzpuc2NsY19tc2tjY18yMDE4","bnNjbGNfbXNrY2NfMjAxOHA0Nzpuc2NsY19tc2tjY18yMDE4","nsclc_mskcc_2018_mutations","nsclc_mskcc_2018s47","nsclc_mskcc_2018p47","7157","@{entrezGeneId=7157; hugoGeneSymbol=TP53; type=protein-coding}","nsclc_mskcc_2018","MSKCC","NA","NA","101","496","7577157","7577157","T","X261_splice","Splice_Site","GRCh37","SNP","17","C","NM_001126112.2","261","261"
"bnNjbGNfbXNrY2NfMjAxOHM0ODpuc2NsY19tc2tjY18yMDE4","bnNjbGNfbXNrY2NfMjAxOHA0ODpuc2NsY19tc2tjY18yMDE4","nsclc_mskcc_2018_mutations","nsclc_mskcc_2018s48","nsclc_mskcc_2018p48","9817","@{entrezGeneId=9817; hugoGeneSymbol=KEAP1; type=protein-coding}","nsclc_mskcc_2018","MSKCC","NA","NA","64","102","10610385","10610385","C","A109T","Missense_Mutation","GRCh37","SNP","19","T","NM_203500.1","109","109"
"bnNjbGNfbXNrY2NfMjAxOHM0ODpuc2NsY19tc2tjY18yMDE4","bnNjbGNfbXNrY2NfMjAxOHA0ODpuc2NsY19tc2tjY18yMDE4","nsclc_mskcc_2018_mutations","nsclc_mskcc_2018s48","nsclc_mskcc_2018p48","9817","@{entrezGeneId=9817; hugoGeneSymbol=KEAP1; type=protein-coding}","nsclc_mskcc_2018","MSKCC","NA","NA","45","119","10600393","10600393","C","E488K","Missense_Mutation","GRCh37","SNP","19","T","NM_203500.1","488","488"
"bnNjbGNfbXNrY2NfMjAxOHM0OTpuc2NsY19tc2tjY18yMDE4","bnNjbGNfbXNrY2NfMjAxOHA0OTpuc2NsY19tc2tjY18yMDE4","nsclc_mskcc_2018_mutations","nsclc_mskcc_2018s49","nsclc_mskcc_2018p49","1956","@{entrezGeneId=1956; hugoGeneSymbol=EGFR; type=protein-coding}","nsclc_mskcc_2018","MSKCC","NA","NA","65","335","55249022","55249022","G","V774M","Missense_Mutation","GRCh37","SNP","7","A","NM_005228.3","774","774"
"bnNjbGNfbXNrY2NfMjAxOHM1Om5zY2xjX21za2NjXzIwMTg","bnNjbGNfbXNrY2NfMjAxOHA1Om5zY2xjX21za2NjXzIwMTg","nsclc_mskcc_2018_mutations","nsclc_mskcc_2018s5","nsclc_mskcc_2018p5","4233","@{entrezGeneId=4233; hugoGeneSymbol=MET; type=protein-coding}","nsclc_mskcc_2018","MSKCC","NA","NA","47","82","116412046","116412046","A","X1010_splice","Splice_Region","GRCh37","SNP","7","T","NM_000245.2","1010","1010"
"bnNjbGNfbXNrY2NfMjAxOHM1MDpuc2NsY19tc2tjY18yMDE4","bnNjbGNfbXNrY2NfMjAxOHA1MDpuc2NsY19tc2tjY18yMDE4","nsclc_mskcc_2018_mutations","nsclc_mskcc_2018s50","nsclc_mskcc_2018p50","7157","@{entrezGeneId=7157; hugoGeneSymbol=TP53; type=protein-coding}","nsclc_mskcc_2018","MSKCC","NA","NA","81","102","7578394","7578394","T","H179L","Missense_Mutation","GRCh37","SNP","17","A","NM_001126112.2","179","179"
"bnNjbGNfbXNrY2NfMjAxOHM1MTpuc2NsY19tc2tjY18yMDE4","bnNjbGNfbXNrY2NfMjAxOHA1MTpuc2NsY19tc2tjY18yMDE4","nsclc_mskcc_2018_mutations","nsclc_mskcc_2018s51","nsclc_mskcc_2018p51","238","@{entrezGeneId=238; hugoGeneSymbol=ALK; type=protein-coding}","nsclc_mskcc_2018","MSKCC","NA","NA","176","691","29455229","29455229","G","P858Q","Missense_Mutation","GRCh37","SNP","2","T","NM_004304.4","858","858"
"bnNjbGNfbXNrY2NfMjAxOHM1MTpuc2NsY19tc2tjY18yMDE4","bnNjbGNfbXNrY2NfMjAxOHA1MTpuc2NsY19tc2tjY18yMDE4","nsclc_mskcc_2018_mutations","nsclc_mskcc_2018s51","nsclc_mskcc_2018p51","3845","@{entrezGeneId=3845; hugoGeneSymbol=KRAS; type=protein-coding}","nsclc_mskcc_2018","MSKCC","NA","NA","113","177","25398282","25398282","C","G13C","Missense_Mutation","GRCh37","SNP","12","A","NM_033360.2","13","13"
"bnNjbGNfbXNrY2NfMjAxOHM1MTpuc2NsY19tc2tjY18yMDE4","bnNjbGNfbXNrY2NfMjAxOHA1MTpuc2NsY19tc2tjY18yMDE4","nsclc_mskcc_2018_mutations","nsclc_mskcc_2018s51","nsclc_mskcc_2018p51","6098","@{entrezGeneId=6098; hugoGeneSymbol=ROS1; type=protein-coding}","nsclc_mskcc_2018","MSKCC","NA","NA","8","93","117681182","117681182","C","X1149_splice","Splice_Region","GRCh37","SNP","6","A","NM_002944.2","1149","1149"
"bnNjbGNfbXNrY2NfMjAxOHM1MTpuc2NsY19tc2tjY18yMDE4","bnNjbGNfbXNrY2NfMjAxOHA1MTpuc2NsY19tc2tjY18yMDE4","nsclc_mskcc_2018_mutations","nsclc_mskcc_2018s51","nsclc_mskcc_2018p51","7157","@{entrezGeneId=7157; hugoGeneSymbol=TP53; type=protein-coding}","nsclc_mskcc_2018","MSKCC","NA","NA","152","265","7578388","7578388","C","R181P","Missense_Mutation","GRCh37","SNP","17","G","NM_001126112.2","181","181"
"bnNjbGNfbXNrY2NfMjAxOHM1MTpuc2NsY19tc2tjY18yMDE4","bnNjbGNfbXNrY2NfMjAxOHA1MTpuc2NsY19tc2tjY18yMDE4","nsclc_mskcc_2018_mutations","nsclc_mskcc_2018s51","nsclc_mskcc_2018p51","7157","@{entrezGeneId=7157; hugoGeneSymbol=TP53; type=protein-coding}","nsclc_mskcc_2018","MSKCC","NA","NA","92","549","7577161","7577161","C","X261_splice","Splice_Region","GRCh37","SNP","17","A","NM_001126112.2","261","261"
"bnNjbGNfbXNrY2NfMjAxOHM1Mjpuc2NsY19tc2tjY18yMDE4","bnNjbGNfbXNrY2NfMjAxOHA1Mjpuc2NsY19tc2tjY18yMDE4","nsclc_mskcc_2018_mutations","nsclc_mskcc_2018s52","nsclc_mskcc_2018p52","1956","@{entrezGeneId=1956; hugoGeneSymbol=EGFR; type=protein-coding}","nsclc_mskcc_2018","MSKCC","NA","NA","29","344","55211090","55211090","G","M111I","Missense_Mutation","GRCh37","SNP","7","A","NM_005228.3","111","111"
"bnNjbGNfbXNrY2NfMjAxOHM1Mjpuc2NsY19tc2tjY18yMDE4","bnNjbGNfbXNrY2NfMjAxOHA1Mjpuc2NsY19tc2tjY18yMDE4","nsclc_mskcc_2018_mutations","nsclc_mskcc_2018s52","nsclc_mskcc_2018p52","1956","@{entrezGeneId=1956; hugoGeneSymbol=EGFR; type=protein-coding}","nsclc_mskcc_2018","MSKCC","NA","NA","28","321","55211080","55211080","G","R108K","Missense_Mutation","GRCh37","SNP","7","A","NM_005228.3","108","108"
"bnNjbGNfbXNrY2NfMjAxOHM1Mjpuc2NsY19tc2tjY18yMDE4","bnNjbGNfbXNrY2NfMjAxOHA1Mjpuc2NsY19tc2tjY18yMDE4","nsclc_mskcc_2018_mutations","nsclc_mskcc_2018s52","nsclc_mskcc_2018p52","9817","@{entrezGeneId=9817; hugoGeneSymbol=KEAP1; type=protein-coding}","nsclc_mskcc_2018","MSKCC","NA","NA","5","73","10599874","10599874","C","V568F","Missense_Mutation","GRCh37","SNP","19","A","NM_203500.1","568","568"
"bnNjbGNfbXNrY2NfMjAxOHM1Mzpuc2NsY19tc2tjY18yMDE4","bnNjbGNfbXNrY2NfMjAxOHA1Mzpuc2NsY19tc2tjY18yMDE4","nsclc_mskcc_2018_mutations","nsclc_mskcc_2018s53","nsclc_mskcc_2018p53","238","@{entrezGeneId=238; hugoGeneSymbol=ALK; type=protein-coding}","nsclc_mskcc_2018","MSKCC","NA","NA","15","178","29443565","29443565","C","X1215_splice","Splice_Region","GRCh37","SNP","2","T","NM_004304.4","1215","1215"
"bnNjbGNfbXNrY2NfMjAxOHM1Mzpuc2NsY19tc2tjY18yMDE4","bnNjbGNfbXNrY2NfMjAxOHA1Mzpuc2NsY19tc2tjY18yMDE4","nsclc_mskcc_2018_mutations","nsclc_mskcc_2018s53","nsclc_mskcc_2018p53","6098","@{entrezGeneId=6098; hugoGeneSymbol=ROS1; type=protein-coding}","nsclc_mskcc_2018","MSKCC","NA","NA","15","58","117650542","117650542","C","E1772D","Missense_Mutation","GRCh37","SNP","6","A","NM_002944.2","1772","1772"
"bnNjbGNfbXNrY2NfMjAxOHM1Mzpuc2NsY19tc2tjY18yMDE4","bnNjbGNfbXNrY2NfMjAxOHA1Mzpuc2NsY19tc2tjY18yMDE4","nsclc_mskcc_2018_mutations","nsclc_mskcc_2018s53","nsclc_mskcc_2018p53","7157","@{entrezGeneId=7157; hugoGeneSymbol=TP53; type=protein-coding}","nsclc_mskcc_2018","MSKCC","NA","NA","146","346","7577105","7577105","G","P278L","Missense_Mutation","GRCh37","SNP","17","A","NM_001126112.2","278","278"
"bnNjbGNfbXNrY2NfMjAxOHM1NDpuc2NsY19tc2tjY18yMDE4","bnNjbGNfbXNrY2NfMjAxOHA1NDpuc2NsY19tc2tjY18yMDE4","nsclc_mskcc_2018_mutations","nsclc_mskcc_2018s54","nsclc_mskcc_2018p54","7157","@{entrezGeneId=7157; hugoGeneSymbol=TP53; type=protein-coding}","nsclc_mskcc_2018","MSKCC","NA","NA","63","57","7577511","7577511","A","L257P","Missense_Mutation","GRCh37","SNP","17","G","NM_001126112.2","257","257"
"bnNjbGNfbXNrY2NfMjAxOHM1NDpuc2NsY19tc2tjY18yMDE4","bnNjbGNfbXNrY2NfMjAxOHA1NDpuc2NsY19tc2tjY18yMDE4","nsclc_mskcc_2018_mutations","nsclc_mskcc_2018s54","nsclc_mskcc_2018p54","9817","@{entrezGeneId=9817; hugoGeneSymbol=KEAP1; type=protein-coding}","nsclc_mskcc_2018","MSKCC","NA","NA","12","15","10610082","10610082","G","H210D","Missense_Mutation","GRCh37","SNP","19","C","NM_203500.1","210","210"
"bnNjbGNfbXNrY2NfMjAxOHM1NTpuc2NsY19tc2tjY18yMDE4","bnNjbGNfbXNrY2NfMjAxOHA1NTpuc2NsY19tc2tjY18yMDE4","nsclc_mskcc_2018_mutations","nsclc_mskcc_2018s55","nsclc_mskcc_2018p55","3845","@{entrezGeneId=3845; hugoGeneSymbol=KRAS; type=protein-coding}","nsclc_mskcc_2018","MSKCC","NA","NA","37","90","25398285","25398285","C","G12C","Missense_Mutation","GRCh37","SNP","12","A","NM_033360.2","12","12"
"bnNjbGNfbXNrY2NfMjAxOHM1NTpuc2NsY19tc2tjY18yMDE4","bnNjbGNfbXNrY2NfMjAxOHA1NTpuc2NsY19tc2tjY18yMDE4","nsclc_mskcc_2018_mutations","nsclc_mskcc_2018s55","nsclc_mskcc_2018p55","6794","@{entrezGeneId=6794; hugoGeneSymbol=STK11; type=protein-coding}","nsclc_mskcc_2018","MSKCC","NA","NA","13","44","1221314","1221314","C","P281Rfs*6","Frame_Shift_Del","GRCh37","DEL","19","-","NM_000455.4","279","281"
"bnNjbGNfbXNrY2NfMjAxOHM1NTpuc2NsY19tc2tjY18yMDE4","bnNjbGNfbXNrY2NfMjAxOHA1NTpuc2NsY19tc2tjY18yMDE4","nsclc_mskcc_2018_mutations","nsclc_mskcc_2018s55","nsclc_mskcc_2018p55","7157","@{entrezGeneId=7157; hugoGeneSymbol=TP53; type=protein-coding}","nsclc_mskcc_2018","MSKCC","NA","NA","34","131","7577559","7577559","G","S241C","Missense_Mutation","GRCh37","SNP","17","C","NM_001126112.2","241","241"
"bnNjbGNfbXNrY2NfMjAxOHM1Njpuc2NsY19tc2tjY18yMDE4","bnNjbGNfbXNrY2NfMjAxOHA1Njpuc2NsY19tc2tjY18yMDE4","nsclc_mskcc_2018_mutations","nsclc_mskcc_2018s56","nsclc_mskcc_2018p56","3845","@{entrezGeneId=3845; hugoGeneSymbol=KRAS; type=protein-coding}","nsclc_mskcc_2018","MSKCC","NA","NA","73","171","25398285","25398285","C","G12C","Missense_Mutation","GRCh37","SNP","12","A","NM_033360.2","12","12"
"bnNjbGNfbXNrY2NfMjAxOHM1Njpuc2NsY19tc2tjY18yMDE4","bnNjbGNfbXNrY2NfMjAxOHA1Njpuc2NsY19tc2tjY18yMDE4","nsclc_mskcc_2018_mutations","nsclc_mskcc_2018s56","nsclc_mskcc_2018p56","4233","@{entrezGeneId=4233; hugoGeneSymbol=MET; type=protein-coding}","nsclc_mskcc_2018","MSKCC","NA","NA","25","79","116381017","116381018","-","R547Lfs*7","Frame_Shift_Ins","GRCh37","INS","7","TT","NM_000245.2","547","547"
"bnNjbGNfbXNrY2NfMjAxOHM1Njpuc2NsY19tc2tjY18yMDE4","bnNjbGNfbXNrY2NfMjAxOHA1Njpuc2NsY19tc2tjY18yMDE4","nsclc_mskcc_2018_mutations","nsclc_mskcc_2018s56","nsclc_mskcc_2018p56","6794","@{entrezGeneId=6794; hugoGeneSymbol=STK11; type=protein-coding}","nsclc_mskcc_2018","MSKCC","NA","NA","17","26","1220382","1220382","C","Q159*","Nonsense_Mutation","GRCh37","SNP","19","T","NM_000455.4","159","159"
"bnNjbGNfbXNrY2NfMjAxOHM1Njpuc2NsY19tc2tjY18yMDE4","bnNjbGNfbXNrY2NfMjAxOHA1Njpuc2NsY19tc2tjY18yMDE4","nsclc_mskcc_2018_mutations","nsclc_mskcc_2018s56","nsclc_mskcc_2018p56","9817","@{entrezGeneId=9817; hugoGeneSymbol=KEAP1; type=protein-coding}","nsclc_mskcc_2018","MSKCC","NA","NA","17","49","10610417","10610417","A","V98A","Missense_Mutation","GRCh37","SNP","19","G","NM_203500.1","98","98"
"bnNjbGNfbXNrY2NfMjAxOHM1Nzpuc2NsY19tc2tjY18yMDE4","bnNjbGNfbXNrY2NfMjAxOHA1Nzpuc2NsY19tc2tjY18yMDE4","nsclc_mskcc_2018_mutations","nsclc_mskcc_2018s57","nsclc_mskcc_2018p57","3845","@{entrezGeneId=3845; hugoGeneSymbol=KRAS; type=protein-coding}","nsclc_mskcc_2018","MSKCC","NA","NA","115","45","25398285","25398285","C","G12C","Missense_Mutation","GRCh37","SNP","12","A","NM_033360.2","12","12"
"bnNjbGNfbXNrY2NfMjAxOHM1Nzpuc2NsY19tc2tjY18yMDE4","bnNjbGNfbXNrY2NfMjAxOHA1Nzpuc2NsY19tc2tjY18yMDE4","nsclc_mskcc_2018_mutations","nsclc_mskcc_2018s57","nsclc_mskcc_2018p57","6794","@{entrezGeneId=6794; hugoGeneSymbol=STK11; type=protein-coding}","nsclc_mskcc_2018","MSKCC","NA","NA","4","7","1220579","1220579","A","X200_splice","Splice_Site","GRCh38","SNP","19","T","NM_000455.5","200","200"
"bnNjbGNfbXNrY2NfMjAxOHM1Nzpuc2NsY19tc2tjY18yMDE4","bnNjbGNfbXNrY2NfMjAxOHA1Nzpuc2NsY19tc2tjY18yMDE4","nsclc_mskcc_2018_mutations","nsclc_mskcc_2018s57","nsclc_mskcc_2018p57","9817","@{entrezGeneId=9817; hugoGeneSymbol=KEAP1; type=protein-coding}","nsclc_mskcc_2018","MSKCC","NA","NA","79","88","10602748","10602748","G","T277M","Missense_Mutation","GRCh37","SNP","19","A","NM_203500.1","277","277"
"bnNjbGNfbXNrY2NfMjAxOHM1ODpuc2NsY19tc2tjY18yMDE4","bnNjbGNfbXNrY2NfMjAxOHA1ODpuc2NsY19tc2tjY18yMDE4","nsclc_mskcc_2018_mutations","nsclc_mskcc_2018s58","nsclc_mskcc_2018p58","1956","@{entrezGeneId=1956; hugoGeneSymbol=EGFR; type=protein-coding}","nsclc_mskcc_2018","MSKCC","NA","NA","117","123","55259515","55259515","T","L858R","Missense_Mutation","GRCh37","SNP","7","G","NM_005228.3","858","858"
"bnNjbGNfbXNrY2NfMjAxOHM1ODpuc2NsY19tc2tjY18yMDE4","bnNjbGNfbXNrY2NfMjAxOHA1ODpuc2NsY19tc2tjY18yMDE4","nsclc_mskcc_2018_mutations","nsclc_mskcc_2018s58","nsclc_mskcc_2018p58","7157","@{entrezGeneId=7157; hugoGeneSymbol=TP53; type=protein-coding}","nsclc_mskcc_2018","MSKCC","NA","NA","136","48","7577162","7577162","A","X261_splice","Splice_Region","GRCh37","SNP","17","T","NM_001126112.2","261","261"
"bnNjbGNfbXNrY2NfMjAxOHM1OTpuc2NsY19tc2tjY18yMDE4","bnNjbGNfbXNrY2NfMjAxOHA1OTpuc2NsY19tc2tjY18yMDE4","nsclc_mskcc_2018_mutations","nsclc_mskcc_2018s59","nsclc_mskcc_2018p59","7157","@{entrezGeneId=7157; hugoGeneSymbol=TP53; type=protein-coding}","nsclc_mskcc_2018","MSKCC","NA","NA","41","196","7577141","7577141","C","G266V","Missense_Mutation","GRCh37","SNP","17","A","NM_001126112.2","266","266"
"bnNjbGNfbXNrY2NfMjAxOHM2Om5zY2xjX21za2NjXzIwMTg","bnNjbGNfbXNrY2NfMjAxOHA2Om5zY2xjX21za2NjXzIwMTg","nsclc_mskcc_2018_mutations","nsclc_mskcc_2018s6","nsclc_mskcc_2018p6","1956","@{entrezGeneId=1956; hugoGeneSymbol=EGFR; type=protein-coding}","nsclc_mskcc_2018","MSKCC","NA","NA","152","167","55249012","55249013","-","S768_D770dup","In_Frame_Ins","GRCh37","INS","7","AGCGTGGAT","NM_005228.3","768","770"
"bnNjbGNfbXNrY2NfMjAxOHM2MDpuc2NsY19tc2tjY18yMDE4","bnNjbGNfbXNrY2NfMjAxOHA2MDpuc2NsY19tc2tjY18yMDE4","nsclc_mskcc_2018_mutations","nsclc_mskcc_2018s60","nsclc_mskcc_2018p60","3845","@{entrezGeneId=3845; hugoGeneSymbol=KRAS; type=protein-coding}","nsclc_mskcc_2018","MSKCC","NA","NA","20","113","25398284","25398284","C","G12V","Missense_Mutation","GRCh37","SNP","12","A","NM_033360.2","12","12"
"bnNjbGNfbXNrY2NfMjAxOHM2MDpuc2NsY19tc2tjY18yMDE4","bnNjbGNfbXNrY2NfMjAxOHA2MDpuc2NsY19tc2tjY18yMDE4","nsclc_mskcc_2018_mutations","nsclc_mskcc_2018s60","nsclc_mskcc_2018p60","7157","@{entrezGeneId=7157; hugoGeneSymbol=TP53; type=protein-coding}","nsclc_mskcc_2018","MSKCC","NA","NA","31","198","7577538","7577538","C","R248Q","Missense_Mutation","GRCh37","SNP","17","T","NM_001126112.2","248","248"
"bnNjbGNfbXNrY2NfMjAxOHM2MTpuc2NsY19tc2tjY18yMDE4","bnNjbGNfbXNrY2NfMjAxOHA2MTpuc2NsY19tc2tjY18yMDE4","nsclc_mskcc_2018_mutations","nsclc_mskcc_2018s61","nsclc_mskcc_2018p61","3845","@{entrezGeneId=3845; hugoGeneSymbol=KRAS; type=protein-coding}","nsclc_mskcc_2018","MSKCC","NA","NA","154","191","25398281","25398281","C","G13D","Missense_Mutation","GRCh37","SNP","12","T","NM_033360.2","13","13"
"bnNjbGNfbXNrY2NfMjAxOHM2MTpuc2NsY19tc2tjY18yMDE4","bnNjbGNfbXNrY2NfMjAxOHA2MTpuc2NsY19tc2tjY18yMDE4","nsclc_mskcc_2018_mutations","nsclc_mskcc_2018s61","nsclc_mskcc_2018p61","7157","@{entrezGeneId=7157; hugoGeneSymbol=TP53; type=protein-coding}","nsclc_mskcc_2018","MSKCC","NA","NA","16","57","7579467","7579479","CCACGGGGGGAGC","A70Pfs*49","Frame_Shift_Del","GRCh37","DEL","17","-","NM_001126112.2","70","70"
"bnNjbGNfbXNrY2NfMjAxOHM2Mjpuc2NsY19tc2tjY18yMDE4","bnNjbGNfbXNrY2NfMjAxOHA2Mjpuc2NsY19tc2tjY18yMDE4","nsclc_mskcc_2018_mutations","nsclc_mskcc_2018s62","nsclc_mskcc_2018p62","7157","@{entrezGeneId=7157; hugoGeneSymbol=TP53; type=protein-coding}","nsclc_mskcc_2018","MSKCC","NA","NA","33","419","7577106","7577106","G","P278T","Missense_Mutation","GRCh37","SNP","17","T","NM_001126112.2,NM_001276761.1,NM_001276760.1,NM_000546.5,NM_0011","278","278"
"bnNjbGNfbXNrY2NfMjAxOHM2Njpuc2NsY19tc2tjY18yMDE4","bnNjbGNfbXNrY2NfMjAxOHA2Njpuc2NsY19tc2tjY18yMDE4","nsclc_mskcc_2018_mutations","nsclc_mskcc_2018s66","nsclc_mskcc_2018p66","7157","@{entrezGeneId=7157; hugoGeneSymbol=TP53; type=protein-coding}","nsclc_mskcc_2018","MSKCC","NA","NA","74","133","7579861","7579861","T","T18Hfs*26","Frame_Shift_Del","GRCh37","DEL","17","-","NM_001126112.2","18","18"
"bnNjbGNfbXNrY2NfMjAxOHM2Nzpuc2NsY19tc2tjY18yMDE4","bnNjbGNfbXNrY2NfMjAxOHA2Nzpuc2NsY19tc2tjY18yMDE4","nsclc_mskcc_2018_mutations","nsclc_mskcc_2018s67","nsclc_mskcc_2018p67","1956","@{entrezGeneId=1956; hugoGeneSymbol=EGFR; type=protein-coding}","nsclc_mskcc_2018","MSKCC","NA","NA","17","192","55259515","55259515","T","L858R","Missense_Mutation","GRCh37","SNP","7","G","NM_005228.3","858","858"
"bnNjbGNfbXNrY2NfMjAxOHM2Nzpuc2NsY19tc2tjY18yMDE4","bnNjbGNfbXNrY2NfMjAxOHA2Nzpuc2NsY19tc2tjY18yMDE4","nsclc_mskcc_2018_mutations","nsclc_mskcc_2018s67","nsclc_mskcc_2018p67","5290","@{entrezGeneId=5290; hugoGeneSymbol=PIK3CA; type=protein-coding}","nsclc_mskcc_2018","MSKCC","NA","NA","4","69","178952090","178952090","G","G1049R","Missense_Mutation","GRCh37","SNP","3","C","NM_006218.2","1049","1049"
"bnNjbGNfbXNrY2NfMjAxOHM2Nzpuc2NsY19tc2tjY18yMDE4","bnNjbGNfbXNrY2NfMjAxOHA2Nzpuc2NsY19tc2tjY18yMDE4","nsclc_mskcc_2018_mutations","nsclc_mskcc_2018s67","nsclc_mskcc_2018p67","7157","@{entrezGeneId=7157; hugoGeneSymbol=TP53; type=protein-coding}","nsclc_mskcc_2018","MSKCC","NA","NA","20","300","7577069","7577070","-","R290Qfs*16","Frame_Shift_Ins","GRCh37","INS","17","T","NM_001126112.2","290","290"
"bnNjbGNfbXNrY2NfMjAxOHM2ODpuc2NsY19tc2tjY18yMDE4","bnNjbGNfbXNrY2NfMjAxOHA2ODpuc2NsY19tc2tjY18yMDE4","nsclc_mskcc_2018_mutations","nsclc_mskcc_2018s68","nsclc_mskcc_2018p68","238","@{entrezGeneId=238; hugoGeneSymbol=ALK; type=protein-coding}","nsclc_mskcc_2018","MSKCC","NA","NA","156","345","29917843","29917843","C","E275D","Missense_Mutation","GRCh37","SNP","2","A","NM_004304.4","275","275"
"bnNjbGNfbXNrY2NfMjAxOHM2ODpuc2NsY19tc2tjY18yMDE4","bnNjbGNfbXNrY2NfMjAxOHA2ODpuc2NsY19tc2tjY18yMDE4","nsclc_mskcc_2018_mutations","nsclc_mskcc_2018s68","nsclc_mskcc_2018p68","6794","@{entrezGeneId=6794; hugoGeneSymbol=STK11; type=protein-coding}","nsclc_mskcc_2018","MSKCC","NA","NA","42","72","1220400","1220400","G","E165*","Nonsense_Mutation","GRCh37","SNP","19","T","NM_000455.4","165","165"
"bnNjbGNfbXNrY2NfMjAxOHM2ODpuc2NsY19tc2tjY18yMDE4","bnNjbGNfbXNrY2NfMjAxOHA2ODpuc2NsY19tc2tjY18yMDE4","nsclc_mskcc_2018_mutations","nsclc_mskcc_2018s68","nsclc_mskcc_2018p68","9817","@{entrezGeneId=9817; hugoGeneSymbol=KEAP1; type=protein-coding}","nsclc_mskcc_2018","MSKCC","NA","NA","62","96","10602872","10602872","C","D236N","Missense_Mutation","GRCh37","SNP","19","T","NM_203500.1","236","236"
"bnNjbGNfbXNrY2NfMjAxOHM2OTpuc2NsY19tc2tjY18yMDE4","bnNjbGNfbXNrY2NfMjAxOHA2OTpuc2NsY19tc2tjY18yMDE4","nsclc_mskcc_2018_mutations","nsclc_mskcc_2018s69","nsclc_mskcc_2018p69","1956","@{entrezGeneId=1956; hugoGeneSymbol=EGFR; type=protein-coding}","nsclc_mskcc_2018","MSKCC","NA","NA","260","620","55259532","55259532","G","A864P","Missense_Mutation","GRCh37","SNP","7","C","NM_005228.3","864","864"
"bnNjbGNfbXNrY2NfMjAxOHM2OTpuc2NsY19tc2tjY18yMDE4","bnNjbGNfbXNrY2NfMjAxOHA2OTpuc2NsY19tc2tjY18yMDE4","nsclc_mskcc_2018_mutations","nsclc_mskcc_2018s69","nsclc_mskcc_2018p69","1956","@{entrezGeneId=1956; hugoGeneSymbol=EGFR; type=protein-coding}","nsclc_mskcc_2018","MSKCC","NA","NA","248","619","55259515","55259515","T","L858R","Missense_Mutation","GRCh37","SNP","7","G","NM_005228.3","858","858"
"bnNjbGNfbXNrY2NfMjAxOHM3Om5zY2xjX21za2NjXzIwMTg","bnNjbGNfbXNrY2NfMjAxOHA3Om5zY2xjX21za2NjXzIwMTg","nsclc_mskcc_2018_mutations","nsclc_mskcc_2018s7","nsclc_mskcc_2018p7","1956","@{entrezGeneId=1956; hugoGeneSymbol=EGFR; type=protein-coding}","nsclc_mskcc_2018","MSKCC","NA","NA","29","159","55223529","55223529","A","Y299F","Missense_Mutation","GRCh37","SNP","7","T","NM_005228.3","299","299"
"bnNjbGNfbXNrY2NfMjAxOHM3Om5zY2xjX21za2NjXzIwMTg","bnNjbGNfbXNrY2NfMjAxOHA3Om5zY2xjX21za2NjXzIwMTg","nsclc_mskcc_2018_mutations","nsclc_mskcc_2018s7","nsclc_mskcc_2018p7","7157","@{entrezGeneId=7157; hugoGeneSymbol=TP53; type=protein-coding}","nsclc_mskcc_2018","MSKCC","NA","NA","32","45","7578235","7578235","T","Y205C","Missense_Mutation","GRCh37","SNP","17","C","NM_001126112.2","205","205"
"bnNjbGNfbXNrY2NfMjAxOHM3MDpuc2NsY19tc2tjY18yMDE4","bnNjbGNfbXNrY2NfMjAxOHA3MDpuc2NsY19tc2tjY18yMDE4","nsclc_mskcc_2018_mutations","nsclc_mskcc_2018s70","nsclc_mskcc_2018p70","7157","@{entrezGeneId=7157; hugoGeneSymbol=TP53; type=protein-coding}","nsclc_mskcc_2018","MSKCC","NA","NA","29","41","7577518","7577518","T","I255F","Missense_Mutation","GRCh37","SNP","17","A","NM_001126112.2","255","255"
"bnNjbGNfbXNrY2NfMjAxOHM3Mjpuc2NsY19tc2tjY18yMDE4","bnNjbGNfbXNrY2NfMjAxOHA3Mjpuc2NsY19tc2tjY18yMDE4","nsclc_mskcc_2018_mutations","nsclc_mskcc_2018s72","nsclc_mskcc_2018p72","3845","@{entrezGeneId=3845; hugoGeneSymbol=KRAS; type=protein-coding}","nsclc_mskcc_2018","MSKCC","NA","NA","9","80","25380275","25380275","T","Q61H","Missense_Mutation","GRCh37","SNP","12","G","NM_033360.2","61","61"
"bnNjbGNfbXNrY2NfMjAxOHM3Mjpuc2NsY19tc2tjY18yMDE4","bnNjbGNfbXNrY2NfMjAxOHA3Mjpuc2NsY19tc2tjY18yMDE4","nsclc_mskcc_2018_mutations","nsclc_mskcc_2018s72","nsclc_mskcc_2018p72","6794","@{entrezGeneId=6794; hugoGeneSymbol=STK11; type=protein-coding}","nsclc_mskcc_2018","MSKCC","NA","NA","10","64","1220434","1220434","A","D176A","Missense_Mutation","GRCh37","SNP","19","C","NM_000455.4","176","176"
"bnNjbGNfbXNrY2NfMjAxOHM3Mzpuc2NsY19tc2tjY18yMDE4","bnNjbGNfbXNrY2NfMjAxOHA3Mzpuc2NsY19tc2tjY18yMDE4","nsclc_mskcc_2018_mutations","nsclc_mskcc_2018s73","nsclc_mskcc_2018p73","7157","@{entrezGeneId=7157; hugoGeneSymbol=TP53; type=protein-coding}","nsclc_mskcc_2018","MSKCC","NA","NA","49","72","7578431","7578431","G","Q167*","Nonsense_Mutation","GRCh37","SNP","17","A","NM_001126112.2","167","167"
"bnNjbGNfbXNrY2NfMjAxOHM3NDpuc2NsY19tc2tjY18yMDE4","bnNjbGNfbXNrY2NfMjAxOHA3NDpuc2NsY19tc2tjY18yMDE4","nsclc_mskcc_2018_mutations","nsclc_mskcc_2018s74","nsclc_mskcc_2018p74","5290","@{entrezGeneId=5290; hugoGeneSymbol=PIK3CA; type=protein-coding}","nsclc_mskcc_2018","MSKCC","NA","NA","46","37","178948136","178948136","G","E970K","Missense_Mutation","GRCh37","SNP","3","A","NM_006218.2","970","970"
"bnNjbGNfbXNrY2NfMjAxOHM3NDpuc2NsY19tc2tjY18yMDE4","bnNjbGNfbXNrY2NfMjAxOHA3NDpuc2NsY19tc2tjY18yMDE4","nsclc_mskcc_2018_mutations","nsclc_mskcc_2018s74","nsclc_mskcc_2018p74","7157","@{entrezGeneId=7157; hugoGeneSymbol=TP53; type=protein-coding}","nsclc_mskcc_2018","MSKCC","NA","NA","52","96","7579547","7579547","G","P47Rfs*76","Frame_Shift_Del","GRCh37","DEL","17","-","NM_001126112.2","47","47"
"bnNjbGNfbXNrY2NfMjAxOHM3NTpuc2NsY19tc2tjY18yMDE4","bnNjbGNfbXNrY2NfMjAxOHA3NTpuc2NsY19tc2tjY18yMDE4","nsclc_mskcc_2018_mutations","nsclc_mskcc_2018s75","nsclc_mskcc_2018p75","7157","@{entrezGeneId=7157; hugoGeneSymbol=TP53; type=protein-coding}","nsclc_mskcc_2018","MSKCC","NA","NA","131","87","7578461","7578461","C","V157F","Missense_Mutation","GRCh37","SNP","17","A","NM_001126112.2","157","157"
"bnNjbGNfbXNrY2NfMjAxOHM3NTpuc2NsY19tc2tjY18yMDE4","bnNjbGNfbXNrY2NfMjAxOHA3NTpuc2NsY19tc2tjY18yMDE4","nsclc_mskcc_2018_mutations","nsclc_mskcc_2018s75","nsclc_mskcc_2018p75","9817","@{entrezGeneId=9817; hugoGeneSymbol=KEAP1; type=protein-coding}","nsclc_mskcc_2018","MSKCC","NA","NA","178","141","10602697","10602697","T","D294V","Missense_Mutation","GRCh37","SNP","19","A","NM_203500.1","294","294"
"bnNjbGNfbXNrY2NfMjAxOHM4Om5zY2xjX21za2NjXzIwMTg","bnNjbGNfbXNrY2NfMjAxOHA4Om5zY2xjX21za2NjXzIwMTg","nsclc_mskcc_2018_mutations","nsclc_mskcc_2018s8","nsclc_mskcc_2018p8","7157","@{entrezGeneId=7157; hugoGeneSymbol=TP53; type=protein-coding}","nsclc_mskcc_2018","MSKCC","NA","NA","5","76","7579358","7579358","C","R110L","Missense_Mutation","GRCh37","SNP","17","A","NM_001126112.2","110","110"
"bnNjbGNfbXNrY2NfMjAxOHM5Om5zY2xjX21za2NjXzIwMTg","bnNjbGNfbXNrY2NfMjAxOHA5Om5zY2xjX21za2NjXzIwMTg","nsclc_mskcc_2018_mutations","nsclc_mskcc_2018s9","nsclc_mskcc_2018p9","1956","@{entrezGeneId=1956; hugoGeneSymbol=EGFR; type=protein-coding}","nsclc_mskcc_2018","MSKCC","NA","NA","267","412","55242466","55242480","GAATTAAGAGAAGCA","E746_A750del","In_Frame_Del","GRCh37","DEL","7","-","NM_005228.3","746","750"
"bnNjbGNfbXNrY2NfMjAxOHM5Om5zY2xjX21za2NjXzIwMTg","bnNjbGNfbXNrY2NfMjAxOHA5Om5zY2xjX21za2NjXzIwMTg","nsclc_mskcc_2018_mutations","nsclc_mskcc_2018s9","nsclc_mskcc_2018p9","7157","@{entrezGeneId=7157; hugoGeneSymbol=TP53; type=protein-coding}","nsclc_mskcc_2018","MSKCC","NA","NA","14","60","7579313","7579313","G","T125K","Missense_Mutation","GRCh37","SNP","17","T","NM_001126112.2","125","125"
